post_id,platform,cert_id,title,content,cover_text,tags,topic_type,post_date,url,views,likes,collects,comments,leads,is_viral,note
vp_syn_01,小红书,physician_licensed,执业医师技能考试必过的10个操作细节｜考官扣分点全汇总,姐妹们技能考试真的不用报班！把这10个操作细节练熟就够了——洗手七步法千万别漏腕部、CPR按压深度5-6cm不是越快越好、缝合打结要练到闭眼都能打。去年就是靠这些细节一把过省了3000报班费！全文整理了评分表上的扣分雷区刷完不踩坑。,技能考试必过！10个考官扣分点全汇总,"[""执业医师"",""技能考试"",""备考经验""]",干货,2025/3/1,,0,0,0,0,0,TRUE,仿写案例；数字钩子+痛点承诺；干货型收藏远超点赞
vp_syn_02,小红书,physician_licensed,30岁宝妈在职备考执业医｜每天只学2小时一次上岸,如果有人跟你说在职备考不难那一定是骗人的。白天值完班回到家腿都是肿的孩子睡了才能趴桌上刷两小时题。但我做到了不是因为我聪明是因为复习方法对了——刷考点不要刷教材、错题本比题海管用十倍。分享我的三轮复习计划照抄就行。,30岁宝妈在职备考执业医一次上岸,"[""执业医师"",""在职备考"",""宝妈""]",身份,2025/3/8,,0,0,0,0,0,TRUE,仿写案例；身份代入感强引发共鸣；宝妈+在职是刚需人群
vp_syn_03,小红书,pharmacist_licensed,执业药师报名条件一篇说清｜别再问我能不能考了,每天私信被问爆的问题：药品经营专业能考吗？护理学能考吗？大专要几年？今天一次性说清！2025年最新报考条件+专业对照表+工作年限计算方式建议截图保存。特别是相关专业和非相关专业的区别很多人搞错导致白准备一年。,执业药师报考条件一篇说清！截图保存,"[""执业药师"",""报考条件"",""药学""]",干货,2025/6/10,,0,0,0,0,0,TRUE,仿写案例；报考条件类内容每年报名季爆发；截图保存引导高收藏
vp_syn_04,小红书,pharmacist_licensed,执业药师备考3个月四科全过｜我的保姆级时间表,说实话执业药师真没那么难关键是分配好时间。我把3个月拆成了三个周期：第一个月扫教材搭框架、第二个月刷近5年真题查漏补缺、第三个月专攻法规和综合的案例分析题。具体每天几点学哪科全列出来了跟着走就行。附我用的高频考点表。,执业药师3个月四科全过保姆级时间表,"[""执业药师"",""备考攻略"",""时间管理""]",干货,2024/9/15,,0,0,0,0,0,TRUE,仿写案例；时间管理类收藏率高；保姆级承诺降低读者决策成本
vp_syn_05,小红书,nle,非法本在职法考一战上岸｜我的2年血泪经验,非法本、在职、一战——这三个标签加在一起几乎等于劝退。但我真的过了。客观197+主观118不高但够用。最大的经验就是：不要看教材、不要看视频课、直接刷真题。真题刷5遍比你看3遍书管用。特别是刑法和民法这两座大山怎么攻克我在正文说清楚了。,非法本在职法考一战上岸血泪经验,"[""法考"",""非法本"",""在职备考""]",身份,2025/1/18,,0,0,0,0,0,TRUE,仿写案例；身份标签叠加引发认同感；法考通过是强成就感事件
vp_syn_06,小红书,nle,法考主观题保命模板｜刑法鉴定式+民法请求权基础,主观题不是考你会不会，是考你能不能像法律人一样输出。刑法用鉴定式分析三步走（构成要件→违法性→责任），民法用请求权基础方法（谁向谁依据什么请求什么）。我把两套答题框架理成了填空式模板考场上直接套。去年靠这个主观118稳稳过。,法考主观题保命模板直接套用,"[""法考"",""主观题"",""答题模板""]",干货,2025/9/10,,0,0,0,0,0,TRUE,仿写案例；考前冲刺类内容爆发力强；模板是法考最强搜索词
vp_syn_07,小红书,nle,法考客观题200+人的8月冲刺表｜每天6小时就够了,客观题最后一个月是提分黄金期。我的策略：上午2小时小程序刷真题刑法+刑诉、下午2小时刷民法+民诉、晚上2小时复盘错题+背理论法。关键是你刷题不是为了做对是为了记住出题人挖坑的套路。附我的8月30天刷题计划表。,法考客观题200+人的8月冲刺表,"[""法考"",""客观题"",""冲刺""]",干货,2025/8/5,,0,0,0,0,0,TRUE,仿写案例；冲刺时间表收藏属性强；200+给人可复制感
vp_real_01,小红书,nle,25法考，假如你从6月25日开始备考，直接抄,姐妹们25法考考试倒计时90天！法考备考还没开始的抓点紧！给大家整理了一份法考保姆级备考计划0基础也能轻松通关！【刑法】犯罪构成/共同犯罪/罪数形态/侵犯财产罪。第7章共同犯罪18分。第10章罪数形态15分。第14章侵犯财产罪25分。【民法】合同编/物权编/侵权责任。第5章物权编25分善意取得担保物权。第6章合同编30分。【刑诉】证据制度20分非法证据排除规则。第8章强制措施18分。第12章审判程序25分。背口诀拘传12小时24小时，对比民诉程序差异，主观题练法条定位。【商经法】公司法30分股东权利。破产法15分清偿顺序。【理论法】法理学25分法律解释方法。宪法20分国家机构职权。备考工具：打卡表/学科框架图/答题技巧/思维导图/模考试题/历年真题/600母题/速记口诀+法条定位。,25法考保姆级备考计划直接抄,"[""法考"",""备考计划"",""学习规划""]",干货,2025/6/25,,0,0,0,0,0,TRUE,真实案例-直接抄降低决策成本爆款钩子
vp_real_02,小红书,nle,6.1之后再准备法考，我的建议是：,去年4月开始备考法考同事说压力越大动力越大就下了个一年过主客观的想法。刚开始根本不知道怎么下手但我没放弃客观216主观125成功过线！备考建议：1.坚持到底不要三心二意 2.不要盲目啃教材重点不明确 3.每学完一章默写知识框架 4.法考机考多用电脑模拟 5.每天背诵三色笔记+默写本+速记口诀+600母题。各科目拿分点：刑法-犯罪构成共同犯罪罪数分则重点罪名。民法-合同法物权法侵权责任法婚姻家庭继承法。行政-行政行为行政复议行政诉讼国家赔偿。刑诉-侦查起诉审判程序证据规则特别程序。民诉-管辖诉讼参加人证据审判程序执行程序。商经-公司法合伙企业法破产法劳动法反垄断法。理论-基本概念基本原则法治理论。三国-国际公法国际私法国际经济法。备考工具：6科默写本/备考规划表/600母题/速记口诀+法条定位/历年考题/答题技巧。,法考客观216主观125高分经验,"[""法考"",""备考经验"",""高分分享""]",干货,2025/6/1,,0,0,0,0,0,TRUE,真实案例-客观216主观125高分8科全拆解
vp_real_03,小红书,physician_licensed,执业医师技能备考｜最后一个月这样复习时间完全来得及,我去年5.10号左右才开始准备执业医刚开始老是担心时间不够。技能考试6月14-25日资料用的老贺。复习顺序：第一站病例分析10天重中之重！听视频了解怎样快速抓住题眼诊断宁可广泛不能细只要诊断不错后边检查和治疗原则每个系统都有通用公式套模板。第二站体格检查10天看视频在脑子里过几遍总结简写到纸上容易忽略的步骤划出来。体格检查组合考大的+小的先看分值大的大检查。第三站基本操作10天最重要的是不能犯原则性错误比如无菌原则！就算某个步骤错了也别慌稳住及格就行。病史采集2天网上找模板套用。心电图影像心肺听诊2-3天考的题量少都是基础明显的。虽然时间紧张但不要慌来得及加油宝子们逢考必过！,执业医师技能备考最后一个月来得及,"[""执业医师"",""技能考试"",""考前冲刺""]",干货,2025/5/10,,0,0,0,0,0,TRUE,真实案例-三站拆解+时间分配+避坑要点
vp_real_04,小红书,physician_licensed,果然评论区里出执医大神啊啊啊啊,发现考执医的帖子评论区姐妹们的分享总结都很到位能帮大家少走很多弯路！备考建议：1.在职每天确保2.5-3小时工作日碎片+周末整块每周至少35小时稳扎稳打冲及格线。2.八科难度分配：内科300小时≈外科280小时>妇产220小时>儿科200小时>预防医学120小时>医学人文100小时>解剖生理生化基础250小时。先啃临床核心科基础补弱不脱节。3.真题必刷三轮：一轮分章节匹配知识点、二轮限时套卷适应节奏、三轮错题专项复盘。4.技能+机考模拟7月起每天完成1套全流程模拟。5.病例分析题先圈画关键症状体征检查结果快速锁定方向。6.技能操作别偷懒体格检查穿刺操作缝合换药每天练1遍。7.内外妇儿病例题分值占比最高是通关命脉！备考工具：三色彩色笔记/核心考点汇总/五大系统必背口诀/技能万能话术/420个诊断公式/卫生法规核心考点/历年真题。,执业医师评论区大神备考总结,"[""执业医师"",""备考经验"",""学习计划""]",干货,2025/5/15,,0,0,0,0,0,TRUE,真实案例-8科难度量化+真题三轮刷法+7个备考工具
vp_real_05,小红书,pharmacist_licensed,张雪峰：自学执药，能骂醒一个是一个！！,执业药师玩的就是一个信息差！最忌讳自己瞎琢磨吃力不讨好。26执药考试10月17-18日。教材没买正版的看了完全一样没必要花这冤枉钱。B站网课推荐：中药一姜雅授课风格活跃善于总结重点；中药二韩旭思路清晰通俗易懂课少精炼适合零基础；中药综肖琴擅长讲解原理很有条理；法规丁凡讲课幽默风趣精准切中考试重点；西药二/西药综刘丹逻辑性强善于归纳总结。备考技巧：中药一重点多难度大考试灵活备考顺序4-3-5-2-1核心重点2/3/4/5章。中药二分单味药和中成药知识点琐碎核心重点常用单味药+中成药。中药综重点调剂审核计算备考顺序2-3-5-6-7-8-9-11-12-13核心重点2/3/6/11/12/13章。法规比较容易主要法条。祝大家备考加油一起上岸！,自学执药必看网课推荐+备考技巧,"[""执业药师"",""自学"",""网课推荐"",""备考技巧""]",干货,2025/6/20,,0,0,0,0,0,TRUE,真实案例-张雪峰名人效应+5位B站名师推荐+4科备考顺序
